{
  "configs": [
    {
      "db_origen": {
        "alias": "origen_restaurante1",
        "host": "localhost",
        "user": "root",
        "password": "",
        "database": "restaurante"
      },
      "db_destino": {
        "alias": "destino_restaurante",
        "host": "localhost",
        "user": "root",
        "password": "",
        "database": "restaurante"
      },
      "modo": "apertura",
      "concurrency": 1,
      "date_time": "2025-09-22T00:24:28.405079"
    },
    {
      "db_origen": {
        "alias": "origen_restaurante_1",
        "consolidation_status": {
          "status": "aperturado",
          "timestamp": "2025-09-22T00:24:28.405079"
        },
        "database": "restaurante_1",
        "host": "localhost",
        "password": "",
        "user": "root"
      },
      "db_destino": {
        "alias": "destino_restaurante2",
        "database": "restaurante_unificado2",
        "host": "localhost",
        "password": "",
        "user": "root"
      },
      "modo": "cierre",
      "concurrency": 0,
      "date_time": "2025-10-17T20:51:00.000Z"
    }
  ]
}