{
    "db_origenes": [],
    "db_destinos": [
        {
            "alias": "prueba",
            "host": "localhost",
            "user": "root",
            "password": "gAAAAABo_yEONLDBCgXZEE3w-K1y5vuO4jniUXjrs_gn6eCJ1EGwSTjgSHGFXMq5pPxMo6wVjPNnnfHEESJYALm27NXtQFeL-g==",
            "database": "restaurante",
            "port": "3306",
            "exp": 0,
            "consolidation_status": {
                "status": "abierto",
                "timestamp": ""
            }
        }
    ]
}